{
    "pl": [
        256,
        256,
        256,
        256,
        256,
        256,
        256,
        256,
        256,
        256,
        256,
        256,
        256,
        256,
        256,
        256,
        256,
        256,
        256,
        256,
        256,
        256,
        256,
        256,
        256,
        256,
        256,
        256,
        256,
        256,
        256,
        256,
        256,
        256,
        256,
        256,
        256,
        256,
        256,
        256,
        256,
        256,
        256,
        256,
        256,
        256,
        256,
        256,
        256,
        256,
        256,
        256,
        256,
        256,
        256,
        256,
        256,
        256,
        256,
        256,
        256,
        256,
        256,
        256,
        256,
        256,
        256,
        256,
        256,
        256,
        256,
        256,
        256,
        256,
        256,
        256,
        256,
        256,
        256,
        256,
        256,
        256,
        256,
        256,
        256,
        256,
        256,
        256,
        256,
        256,
        256,
        256,
        256,
        256,
        256,
        256,
        256,
        256,
        256,
        256,
        256,
        256,
        256,
        256,
        256,
        256,
        256,
        256,
        256,
        256,
        256,
        256,
        256,
        256,
        256,
        256,
        256,
        256,
        256,
        256,
        256,
        256,
        256,
        256,
        256,
        256,
        256,
        256
    ],
    "latitudes": [
        88.92773535229591,
        87.53870521302733,
        86.1414721015279,
        84.74238559071425,
        83.34259604407038,
        81.94246629917325,
        80.54214643461712,
        79.1417096486217,
        77.74119586551386,
        76.34062870237155,
        74.94002301964944,
        73.53938863376749,
        72.13873228916239,
        70.73805877251762,
        69.3373715749609,
        67.93667330257854,
        66.53596594017563,
        65.13525102603525,
        63.73452977084287,
        62.333803140532446,
        60.93307191520743,
        59.53233673182661,
        58.13159811564393,
        56.7308565037137,
        55.33011226270278,
        53.929365702556076,
        52.52861708709967,
        51.12786664235329,
        49.72711456310966,
        48.32636101818818,
        46.9256061546646,
        45.52485010130229,
        44.12409297135585,
        42.723334864876975,
        41.322575870623126,
        39.92181606764648,
        38.52105552662436,
        37.12029431097885,
        35.719532477823975,
        34.31877007877067,
        32.918007160613975,
        31.517243765922586,
        30.116479933546326,
        28.715715699055192,
        27.314951095120396,
        25.914186151846668,
        24.513420897062915,
        23.112655356577648,
        21.711889554404237,
        20.311123512960364,
        18.91035725324536,
        17.509590794998555,
        16.108824156841283,
        14.708057356404804,
        13.307290410446194,
        11.906523334953757,
        10.505756145243598,
        9.104988856048523,
        7.704221481600494,
        6.303454035707604,
        4.902686531826539,
        3.501918983131298,
        2.1011514025789793,
        0.700383802973324,
        -0.700383802973324,
        -2.1011514025789793,
        -3.501918983131298,
        -4.902686531826539,
        -6.303454035707604,
        -7.704221481600494,
        -9.104988856048523,
        -10.505756145243598,
        -11.906523334953757,
        -13.307290410446194,
        -14.708057356404804,
        -16.108824156841283,
        -17.509590794998555,
        -18.91035725324536,
        -20.311123512960364,
        -21.711889554404237,
        -23.112655356577648,
        -24.513420897062915,
        -25.914186151846668,
        -27.314951095120396,
        -28.715715699055192,
        -30.116479933546326,
        -31.517243765922586,
        -32.918007160613975,
        -34.31877007877067,
        -35.719532477823975,
        -37.12029431097885,
        -38.52105552662436,
        -39.92181606764648,
        -41.322575870623126,
        -42.723334864876975,
        -44.12409297135585,
        -45.52485010130229,
        -46.9256061546646,
        -48.32636101818818,
        -49.72711456310966,
        -51.12786664235329,
        -52.52861708709967,
        -53.929365702556076,
        -55.33011226270278,
        -56.7308565037137,
        -58.13159811564393,
        -59.53233673182661,
        -60.93307191520743,
        -62.333803140532446,
        -63.73452977084287,
        -65.13525102603525,
        -66.53596594017563,
        -67.93667330257854,
        -69.3373715749609,
        -70.73805877251762,
        -72.13873228916239,
        -73.53938863376749,
        -74.94002301964944,
        -76.34062870237155,
        -77.74119586551386,
        -79.1417096486217,
        -80.54214643461712,
        -81.94246629917325,
        -83.34259604407038,
        -84.74238559071425,
        -86.1414721015279,
        -87.53870521302733,
        -88.92773535229591
    ]
}
