{
    "pl": [
        20,
        25,
        36,
        40,
        45,
        50,
        60,
        60,
        72,
        75,
        80,
        90,
        96,
        100,
        108,
        120,
        120,
        120,
        128,
        135,
        144,
        144,
        160,
        160,
        160,
        160,
        160,
        180,
        180,
        180,
        180,
        180,
        192,
        192,
        192,
        192,
        192,
        192,
        192,
        192,
        192,
        192,
        192,
        192,
        192,
        192,
        192,
        192,
        192,
        192,
        192,
        192,
        192,
        192,
        192,
        192,
        192,
        192,
        192,
        192,
        192,
        192,
        192,
        192,
        180,
        180,
        180,
        180,
        180,
        160,
        160,
        160,
        160,
        160,
        144,
        144,
        135,
        128,
        120,
        120,
        120,
        108,
        100,
        96,
        90,
        80,
        75,
        72,
        60,
        60,
        50,
        45,
        40,
        36,
        25,
        20
    ],
    "latitudes": [
        88.57216851400727,
        86.72253095466814,
        84.86197029204237,
        82.99894164283754,
        81.1349768376774,
        79.27055903485967,
        77.4058880820788,
        75.54106145287896,
        73.67613231320912,
        71.81113211427446,
        69.94608064698343,
        68.08099098565125,
        66.2158721139987,
        64.35073040887207,
        62.4855705220364,
        60.62039592682649,
        58.755209269379925,
        56.89001260135711,
        55.024807538311656,
        53.15959537001968,
        51.29437713895115,
        49.42915369712305,
        47.56392574797868,
        45.698693877701785,
        43.83345857895126,
        41.96822026907537,
        40.1029793042494,
        38.23773599056483,
        36.37249059281224,
        34.50724334150104,
        32.64199443851768,
        30.77674406172325,
        28.911492368717752,
        27.04623949994481,
        25.180985581270594,
        23.31573072614093,
        21.45047503739819,
        19.585218608822323,
        17.719961526447417,
        15.854703869694879,
        13.989445712356666,
        12.124187123455775,
        10.258928168006388,
        8.393668907692385,
        6.528409401479982,
        4.663149706177889,
        2.797889876956729,
        0.9326299678380047,
        -0.9326299678380047,
        -2.797889876956729,
        -4.663149706177889,
        -6.528409401479982,
        -8.393668907692385,
        -10.258928168006388,
        -12.124187123455775,
        -13.989445712356666,
        -15.854703869694879,
        -17.719961526447417,
        -19.585218608822323,
        -21.45047503739819,
        -23.31573072614093,
        -25.180985581270594,
        -27.04623949994481,
        -28.911492368717752,
        -30.77674406172325,
        -32.64199443851768,
        -34.50724334150104,
        -36.37249059281224,
        -38.23773599056483,
        -40.1029793042494,
        -41.96822026907537,
        -43.83345857895126,
        -45.698693877701785,
        -47.56392574797868,
        -49.42915369712305,
        -51.29437713895115,
        -53.15959537001968,
        -55.024807538311656,
        -56.89001260135711,
        -58.755209269379925,
        -60.62039592682649,
        -62.4855705220364,
        -64.35073040887207,
        -66.2158721139987,
        -68.08099098565125,
        -69.94608064698343,
        -71.81113211427446,
        -73.67613231320912,
        -75.54106145287896,
        -77.4058880820788,
        -79.27055903485967,
        -81.1349768376774,
        -82.99894164283754,
        -84.86197029204237,
        -86.72253095466814,
        -88.57216851400727
    ]
}
