{
    "pl": [
        18,
        25,
        36,
        40,
        45,
        54,
        60,
        64,
        72,
        72,
        80,
        90,
        96,
        100,
        108,
        120,
        120,
        128,
        135,
        144,
        144,
        150,
        160,
        160,
        180,
        180,
        180,
        192,
        192,
        200,
        200,
        216,
        216,
        216,
        225,
        225,
        240,
        240,
        240,
        256,
        256,
        256,
        256,
        288,
        288,
        288,
        288,
        288,
        288,
        288,
        288,
        288,
        300,
        300,
        300,
        300,
        320,
        320,
        320,
        320,
        320,
        320,
        320,
        320,
        320,
        320,
        320,
        320,
        320,
        320,
        320,
        320,
        320,
        320,
        320,
        320,
        320,
        320,
        320,
        320,
        320,
        320,
        320,
        320,
        320,
        320,
        320,
        320,
        320,
        320,
        320,
        320,
        320,
        320,
        320,
        320,
        320,
        320,
        320,
        320,
        320,
        320,
        320,
        320,
        300,
        300,
        300,
        300,
        288,
        288,
        288,
        288,
        288,
        288,
        288,
        288,
        288,
        256,
        256,
        256,
        256,
        240,
        240,
        240,
        225,
        225,
        216,
        216,
        216,
        200,
        200,
        192,
        192,
        180,
        180,
        180,
        160,
        160,
        150,
        144,
        144,
        135,
        128,
        120,
        120,
        108,
        100,
        96,
        90,
        80,
        72,
        72,
        64,
        60,
        54,
        45,
        40,
        36,
        25,
        18
    ],
    "latitudes": [
        89.14151942646112,
        88.02942886795154,
        86.91077081412396,
        85.7906288836365,
        84.66992408444658,
        83.54894691254214,
        82.42781752400776,
        81.30659452266895,
        80.18530987247722,
        79.06398248140857,
        77.94262424667292,
        76.82124302710024,
        75.69984422201131,
        74.57843166329592,
        73.45700814558334,
        72.33557575490912,
        71.21413607988697,
        70.09269035162447,
        68.97123953893585,
        67.84978441466984,
        66.72832560288221,
        65.60686361301025,
        64.48539886504328,
        63.36393170834051,
        62.242462435890694,
        61.120991295252104,
        59.99951849704043,
        58.878044221582705,
        57.7565686241836,
        56.63509183933025,
        55.5136139840772,
        54.392135160792066,
        53.270655459398434,
        52.149174959220396,
        51.027693730508695,
        49.90621183571102,
        48.784729330535036,
        47.6632462648426,
        46.54176268340568,
        45.42027862654827,
        44.29879413069396,
        43.177309228834936,
        42.05582395093522,
        40.93433832427881,
        39.81285237377123,
        38.69136612220163,
        37.56987959047148,
        36.4483927977945,
        35.32690576187228,
        34.205418499048754,
        33.08393102444662,
        31.962443352088034,
        30.8409554950018,
        29.719467465318676,
        28.597979274356526,
        27.47649093269635,
        26.355002450250566,
        25.233513836324338,
        24.112025099670863,
        22.99053624854131,
        21.869047290730105,
        20.747558233615962,
        19.626069084199315,
        18.504579849136462,
        17.383090534770844,
        16.26160114716174,
        15.140111692110695,
        14.01862217518597,
        12.897132601745177,
        11.77564297695635,
        10.654153305817628,
        9.532663593175698,
        8.41117384374319,
        7.289684062115101,
        6.168194252784436,
        5.046704420157139,
        3.9252145685664517,
        2.803724702286758,
        1.6822348255470765,
        0.5607449425442227,
        -0.5607449425442227,
        -1.6822348255470765,
        -2.803724702286758,
        -3.9252145685664517,
        -5.046704420157139,
        -6.168194252784436,
        -7.289684062115101,
        -8.41117384374319,
        -9.532663593175698,
        -10.654153305817628,
        -11.77564297695635,
        -12.897132601745177,
        -14.01862217518597,
        -15.140111692110695,
        -16.26160114716174,
        -17.383090534770844,
        -18.504579849136462,
        -19.626069084199315,
        -20.747558233615962,
        -21.869047290730105,
        -22.99053624854131,
        -24.112025099670863,
        -25.233513836324338,
        -26.355002450250566,
        -27.47649093269635,
        -28.597979274356526,
        -29.719467465318676,
        -30.8409554950018,
        -31.962443352088034,
        -33.08393102444662,
        -34.205418499048754,
        -35.32690576187228,
        -36.4483927977945,
        -37.56987959047148,
        -38.69136612220163,
        -39.81285237377123,
        -40.93433832427881,
        -42.05582395093522,
        -43.177309228834936,
        -44.29879413069396,
        -45.42027862654827,
        -46.54176268340568,
        -47.6632462648426,
        -48.784729330535036,
        -49.90621183571102,
        -51.027693730508695,
        -52.149174959220396,
        -53.270655459398434,
        -54.392135160792066,
        -55.5136139840772,
        -56.63509183933025,
        -57.7565686241836,
        -58.878044221582705,
        -59.99951849704043,
        -61.120991295252104,
        -62.242462435890694,
        -63.36393170834051,
        -64.48539886504328,
        -65.60686361301025,
        -66.72832560288221,
        -67.84978441466984,
        -68.97123953893585,
        -70.09269035162447,
        -71.21413607988697,
        -72.33557575490912,
        -73.45700814558334,
        -74.57843166329592,
        -75.69984422201131,
        -76.82124302710024,
        -77.94262424667292,
        -79.06398248140857,
        -80.18530987247722,
        -81.30659452266895,
        -82.42781752400776,
        -83.54894691254214,
        -84.66992408444658,
        -85.7906288836365,
        -86.91077081412396,
        -88.02942886795154,
        -89.14151942646112
    ]
}
