{
    "pl": [
        20,
        24,
        28,
        32,
        36,
        40,
        44,
        48,
        52,
        56,
        60,
        64,
        68,
        72,
        76,
        80,
        84,
        88,
        92,
        96,
        100,
        104,
        108,
        112,
        116,
        120,
        124,
        128,
        132,
        136,
        140,
        144,
        144,
        140,
        136,
        132,
        128,
        124,
        120,
        116,
        112,
        108,
        104,
        100,
        96,
        92,
        88,
        84,
        80,
        76,
        72,
        68,
        64,
        60,
        56,
        52,
        48,
        44,
        40,
        36,
        32,
        28,
        24,
        20
    ],
    "latitudes": [
        87.86379883923263,
        85.0965269883173,
        82.31291294788628,
        79.52560657265944,
        76.73689968036831,
        73.94751515398967,
        71.15775201158732,
        68.36775610831317,
        65.57760701082782,
        62.787351798963066,
        59.9970201084913,
        57.20663152764326,
        54.41619952608621,
        51.62573367493825,
        48.83524096625059,
        46.04472663110168,
        43.25419466535094,
        40.46364817811504,
        37.673089629045336,
        34.88252099377346,
        32.09194388174401,
        29.301359621762735,
        26.510769325210994,
        23.72017393353475,
        20.929574254489513,
        18.138970990239354,
        15.348364759491494,
        12.557756115230678,
        9.76714555919557,
        6.976533553948636,
        4.1859205331891545,
        1.3953069108194955,
        -1.3953069108194955,
        -4.1859205331891545,
        -6.976533553948636,
        -9.76714555919557,
        -12.557756115230678,
        -15.348364759491494,
        -18.138970990239354,
        -20.929574254489513,
        -23.72017393353475,
        -26.510769325210994,
        -29.301359621762735,
        -32.09194388174401,
        -34.88252099377346,
        -37.673089629045336,
        -40.46364817811504,
        -43.25419466535094,
        -46.04472663110168,
        -48.83524096625059,
        -51.62573367493825,
        -54.41619952608621,
        -57.20663152764326,
        -59.9970201084913,
        -62.787351798963066,
        -65.57760701082782,
        -68.36775610831317,
        -71.15775201158732,
        -73.94751515398967,
        -76.73689968036831,
        -79.52560657265944,
        -82.31291294788628,
        -85.0965269883173,
        -87.86379883923263
    ]
}
